date,business_activity_index
1/1/05,97.25
4/1/05,101.434
7/1/05,103.622
10/1/05,99.006
1/1/06,98.834
4/1/06,103.437
7/1/06,107.119
10/1/06,103.221
1/1/07,101.768
4/1/07,104.998
7/1/07,107.979
10/1/07,103.355
1/1/08,103.333
4/1/08,108.032
7/1/08,111.222
10/1/08,106.028
1/1/09,105.615
4/1/09,108.301
7/1/09,112.531
10/1/09,108.305
1/1/10,107.663
4/1/10,110.906
7/1/10,114.176
10/1/10,109.655
1/1/11,109.244
4/1/11,112.013
7/1/11,113.625
10/1/11,111.308
1/1/12,111.975
4/1/12,116.016
7/1/12,118.779
10/1/12,114.73
1/1/13,116.12
4/1/13,118.738
7/1/13,120.471
10/1/13,116.402
1/1/14,117.434
4/1/14,120.919
7/1/14,122.828
10/1/14,119.585
1/1/15,119.771
4/1/15,121.794
7/1/15,123.06
10/1/15,118.103
1/1/16,117.229
4/1/16,121.181
7/1/16,123.663
10/1/16,120.085
1/1/17,119.497
4/1/17,123.462
7/1/17,125.693
10/1/17,122.361
1/1/18,122.849
4/1/18,126.875
7/1/18,128.865
10/1/18,125.362
1/1/19,124.615
4/1/19,127.124
7/1/19,129.925
10/1/19,126.386
1/1/20,124.398
4/1/20,128.242
7/1/20,131.93
10/1/20,128.318
1/1/21,128.216
4/1/21,131.257
7/1/21,134.198
10/1/21,129.768
1/1/22,128.879
4/1/22,132.61
7/1/22,135.415
10/1/22,131.963
1/1/23,132.656
4/1/23,134.243
7/1/23,137.038
10/1/23,133.257
1/1/24,131.673
4/1/24,136.176
7/1/24,140.283
10/1/24,136.973