date,inflation_rate
1/1/10,2
2/1/10,1.661
3/1/10,2.278
4/1/10,1.312
5/1/10,1.071
6/1/10,1.205
7/1/10,1.948
8/1/10,1.239
9/1/10,1.942
10/1/10,1.657
11/1/10,2.018
12/1/10,2.615
1/1/11,3.39
2/1/11,2.265
3/1/11,1.559
4/1/11,2.139
5/1/11,2.387
6/1/11,1.387
7/1/11,1.403
8/1/11,1.807
9/1/11,3.193
10/1/11,3.664
11/1/11,2.302
12/1/11,2.145
1/1/12,2.238
2/1/12,0.566
3/1/12,1.79
4/1/12,1.619
5/1/12,2.341
6/1/12,1.137
7/1/12,1.624
8/1/12,2.315
9/1/12,2.449
10/1/12,2.556
11/1/12,1.472
12/1/12,1.1
1/1/13,0.577
2/1/13,0.249
3/1/13,1.699
4/1/13,1.528
5/1/13,2.236
6/1/13,3.727
7/1/13,2.665
8/1/13,2.42
9/1/13,1.572
10/1/13,1.846
11/1/13,2.327
12/1/13,2.235
1/1/14,2.114
2/1/14,1.698
3/1/14,1.969
4/1/14,1.387
5/1/14,1.761
6/1/14,0.837
7/1/14,1.297
8/1/14,1.619
9/1/14,1.477
10/1/14,0.717
11/1/14,1.556
12/1/14,2.606
1/1/15,2.234
2/1/15,1.235
3/1/15,2.644
4/1/15,2.859
5/1/15,2.376
6/1/15,2.605
7/1/15,2.695
8/1/15,2.492
9/1/15,2.52
10/1/15,2.041
11/1/15,2.259
12/1/15,2.352
1/1/16,9.045
2/1/16,9.024
3/1/16,7.07
4/1/16,5.373
5/1/16,6.315
6/1/16,6.666
7/1/16,5.739
8/1/16,7.609
9/1/16,7.134
10/1/16,6.759
11/1/16,5.636
12/1/16,8.263
1/1/17,6.854
2/1/17,5.54
3/1/17,5.577
4/1/17,6.472
5/1/17,7.409
6/1/17,5.278
7/1/17,7.254
8/1/17,8.271
9/1/17,6.396
10/1/17,7.365
11/1/17,6.961
12/1/17,6.044
1/1/18,6.269
2/1/18,5.322
3/1/18,6.269
4/1/18,7.589
5/1/18,7.567
6/1/18,7.471
7/1/18,6.499
8/1/18,7.498
9/1/18,8.926
10/1/18,7.631
11/1/18,5.111
12/1/18,4.778
1/1/19,5.205
2/1/19,7.226
3/1/19,6.909
4/1/19,4.124
5/1/19,3.278
6/1/19,4.744
7/1/19,6.048
8/1/19,7.562
9/1/19,8.207
10/1/19,5.393
11/1/19,6.024
12/1/19,6.721
1/1/20,7.835
2/1/20,8.179
3/1/20,9.723
4/1/20,5.411
5/1/20,5.479
6/1/20,3.804
7/1/20,4.745
8/1/20,4.716
9/1/20,6.507
10/1/20,6.063
11/1/20,4.18
12/1/20,7.479
1/1/21,3.989
2/1/21,3.644
3/1/21,3.605
4/1/21,3.887
5/1/21,2.746
6/1/21,2.895
7/1/21,2.095
8/1/21,3.371
9/1/21,3.192
10/1/21,3.178
11/1/21,2.204
12/1/21,2.313
1/1/22,2.87
2/1/22,2.791
3/1/22,3.604
4/1/22,2.384
5/1/22,2.934
6/1/22,3.541
7/1/22,4.122
8/1/22,3.985
9/1/22,4.183
10/1/22,4.715
11/1/22,3.972
12/1/22,4.348
1/1/23,4.656
2/1/23,4.799
3/1/23,3.322
4/1/23,3.153
5/1/23,3.895
6/1/23,3.632
7/1/23,4.33
8/1/23,2.407
9/1/23,2.171
10/1/23,2.913
11/1/23,2.295
12/1/23,3.444
1/1/24,3.357
2/1/24,4.579
3/1/24,3.621
4/1/24,3.166
5/1/24,3.452
6/1/24,4.062
7/1/24,1.876
8/1/24,3.546
9/1/24,2.932
10/1/24,3.071
11/1/24,3.837
12/1/24,4.557