date,widget_sales_index
1/1/18,92
2/1/18,92.83
3/1/18,96.93
4/1/18,105.21
5/1/18,113.54
6/1/18,111.14
7/1/18,106.89
8/1/18,110.15
9/1/18,116.31
10/1/18,117.93
11/1/18,128.73
12/1/18,130.33
1/1/19,99.87
2/1/19,101.02
3/1/19,99.17
4/1/19,102.68
5/1/19,110.24
6/1/19,112.77
7/1/19,115.8
8/1/19,109.82
9/1/19,113.52
10/1/19,130.62
11/1/19,136.8
12/1/19,141.75
1/1/20,106.66
2/1/20,106.66
3/1/20,115.58
4/1/20,117.61
5/1/20,126.03
6/1/20,126.8
7/1/20,125.05
8/1/20,120.81
9/1/20,137.04
10/1/20,140.17
11/1/20,143.35
12/1/20,153.45
1/1/21,118.22
2/1/21,120.36
3/1/21,118.84
4/1/21,124.27
5/1/21,134.04
6/1/21,141.42
7/1/21,138.81
8/1/21,134.33
9/1/21,139.89
10/1/21,141.52
11/1/21,151.31
12/1/21,157.56
1/1/22,135.04
2/1/22,133.69
3/1/22,131.02
4/1/22,141.81
5/1/22,144.79
6/1/22,146.13
7/1/22,148.52
8/1/22,148.86
9/1/22,156.7
10/1/22,156.86
11/1/22,165.15
12/1/22,172.33
1/1/23,146.69
2/1/23,141.12
3/1/23,146.37
4/1/23,148.29
5/1/23,150.2
6/1/23,160.31
7/1/23,163.23
8/1/23,156.39
9/1/23,166.07
10/1/23,171.47
11/1/23,175.71
12/1/23,182.74
1/1/24,159.16
2/1/24,153.94
3/1/24,164.56
4/1/24,155.58
5/1/24,167.26
6/1/24,170.29
7/1/24,166.67
8/1/24,164.49
9/1/24,163.4
10/1/24,174.15
11/1/24,186.86
12/1/24,197.73
1/1/25,163
2/1/25,158.45
3/1/25,164.16
4/1/25,175.62
5/1/25,179.36
6/1/25,178.73
7/1/25,179.36
8/1/25,175.65
9/1/25,185.75
10/1/25,187.22
11/1/25,195.41
12/1/25,199.73